Job ID,Job URL,Job Title,Company Name,Status,Timestamp,WP ID
7b0a2aad9998ac77,https://sk.linkedin.com/jobs/view/freelance-graphic-designer-at-mindrift-4436705787,Freelance Graphic Designer,,scraped,2026-07-07T02:07:02.758462,
37cf7a60438482ac,https://sk.linkedin.com/jobs/view/freelance-brand-designer-at-mindrift-4435821151,Freelance Brand Designer,,scraped,2026-07-07T02:07:53.242792,
36d01b3bac84a405,https://sk.linkedin.com/jobs/view/product-manager-remote-at-huzzle-com-4435809160,Product Manager - Remote,,scraped,2026-07-07T02:11:06.099583,
861d104ebda40c3a,https://sk.linkedin.com/jobs/view/creative-designer-at-ruby-labs-4436749070,Creative Designer,,scraped,2026-07-07T02:11:13.447343,
ceeec9cf3e9af519,https://sk.linkedin.com/jobs/view/freelance-presentation-designer-at-mindrift-4436703735,Freelance Presentation Designer,,scraped,2026-07-07T02:11:52.233576,
efc6822b0fc8ba73,https://sk.linkedin.com/jobs/view/head-of-operations-at-edimo-4432742778,Head of Operations,Edimo,posted,2026-07-07T02:14:12.795050,22
afeaa991f320ce21,https://sk.linkedin.com/jobs/view/presentation-visual-designer-at-fyst-4436347462,Presentation & Visual Designer,,scraped,2026-07-07T02:14:15.536304,
60ee6c6b83171c7b,https://sk.linkedin.com/jobs/view/helpdesk-specialist-at-cosmote-global-solutions-4432348036,Helpdesk Specialist,,scraped,2026-07-07T02:15:26.137373,
27336428b444ee2f,https://sk.linkedin.com/jobs/view/head-of-finance-cfo-at-fyst-4435809408,Head of Finance / CFO,,scraped,2026-07-07T02:15:33.508273,
9ef28d563ce093d5,https://sk.linkedin.com/jobs/view/category-manager-at-wolt-4329187438,Category Manager,,scraped,2026-07-07T02:15:40.508024,
a4ba73391d44f919,https://sk.linkedin.com/jobs/view/elm-manager-at-forestry-commission-4435231110,ELM Manager,,scraped,2026-07-07T02:15:47.742350,
203f750529037d5d,https://sk.linkedin.com/jobs/view/it-support-at-enjoy-gaming-4434616888,IT Support,,scraped,2026-07-07T02:15:54.760375,
63d5d0d9a8fa7f91,https://sk.linkedin.com/jobs/view/elm-guidance-advisor-at-forestry-commission-4435233019,ELM Guidance Advisor,,scraped,2026-07-07T02:17:04.966507,
278a4e26e875d9ba,https://sk.linkedin.com/jobs/view/remote-performance-marketer-at-huzzle-com-4436317208,Remote Performance Marketer,,scraped,2026-07-07T02:17:11.113348,
80c8ae570d6418a6,https://sk.linkedin.com/jobs/view/autoklampiar-karos%C3%A1r-m-%C5%BE-at-hedin-automotive-slovakia-4435458217,Autoklampiar / karosár (m/ž),,scraped,2026-07-07T02:17:17.994760,
18788f2012e9e18b,https://sk.linkedin.com/jobs/view/power-bi-finance-data-analyst-at-kanadevia-inova-4435107567,Power BI Finance Data Analyst,,scraped,2026-07-07T02:17:24.734077,
1259b0debb495479,https://sk.linkedin.com/jobs/view/claims-processing-agent-freelance-ai-trainer-at-mindrift-4432379665,Claims Processing Agent - Freelance AI Trainer,,scraped,2026-07-07T02:17:32.041157,
0138bbaeda1d2766,https://sk.linkedin.com/jobs/view/talent-acquisition-specialist-at-fyst-4435801947,Talent Acquisition Specialist,,scraped,2026-07-07T02:19:14.923676,
211f55a373136451,https://sk.linkedin.com/jobs/view/operator-license-owner-bratislava-at-stranger-soccer-4432338854,"Operator & License Owner, Bratislava",,scraped,2026-07-07T02:19:21.802987,
7f5fce9f99a5fa80,https://sk.linkedin.com/jobs/view/compliance-analyst-freelance-ai-trainer-at-mindrift-4432341767,Compliance Analyst - Freelance AI Trainer,Mindrift,posted,2026-07-07T02:20:40.324522,24
bdc903e50e57443d,https://sk.linkedin.com/jobs/view/production-handler-warehouser-at-freudenberg-filtration-technologies-4437191187,Production Handler/Warehouser,,scraped,2026-07-07T02:20:42.918603,
32b608914bba4709,https://sk.linkedin.com/jobs/view/klientsk%C3%BD-poradca-v-banskej-bystrici-at-uniqa-cz-4325429348,Klientský poradca v Banskej Bystrici,,scraped,2026-07-07T02:20:50.608358,
70f0797887f28db4,https://sk.linkedin.com/jobs/view/sick-pets-portfolio-manager-cne-f-m-x-at-mars-4435236187,Sick Pets Portfolio Manager CNE (f/m/x),Mars,posted,2026-07-07T02:21:10.512472,26
1782eea62aba87f4,https://sk.linkedin.com/jobs/view/material-supply-specialist-at-gpv-4436705789,Material Supply Specialist,,scraped,2026-07-07T02:21:13.160299,
e944db0d9b8aac6e,https://sk.linkedin.com/jobs/view/commodity-manager-at-vertiv-4400287372,Commodity Manager,,scraped,2026-07-07T02:21:20.242491,
38f95ed3672ec3fe,https://sk.linkedin.com/jobs/view/procurement-specialist-it-at-swiss-re-4427718738,Procurement Specialist IT,,scraped,2026-07-07T02:23:29.325558,
d84e63abd994b737,https://sk.linkedin.com/jobs/view/origin-fta-expert-at-siemens-healthineers-4432389757,Origin & FTA Expert,,scraped,2026-07-07T02:23:35.705490,
5bf46a7c9f9d5a35,https://sk.linkedin.com/jobs/view/operations-specialist-at-bolt-4432746541,Operations Specialist,,scraped,2026-07-07T02:23:42.694942,
59b85d1462546c4f,https://sk.linkedin.com/jobs/view/we-re-hiring-malware-researcher-m-f-n-at-eset-4424879724,We're Hiring: Malware Researcher (m/f/n),,scraped,2026-07-07T02:24:52.924177,
c03b5b2a34e2fbf7,https://sk.linkedin.com/jobs/view/global-mobile-administrator-at-adient-4418781491,Global Mobile Administrator,,scraped,2026-07-07T02:24:59.037580,
ceefdc3a29786635,https://sk.linkedin.com/jobs/view/senior-growth-account-manager-at-dexfinity-4432367990,Senior Growth Account Manager,,scraped,2026-07-07T02:25:22.314204,
fd3c11ff9d3f6495,https://sk.linkedin.com/jobs/view/freight-forwarder-at-tecta-logistic-s-r-o-4433960264,Freight Forwarder,,scraped,2026-07-07T02:25:29.687462,
fd0292f267dae918,https://sk.linkedin.com/jobs/view/executive-assistant-at-swiss-re-4415672962,Executive Assistant,,scraped,2026-07-07T02:25:37.923647,
db211004c7806cdc,https://sk.linkedin.com/jobs/view/head-of-regional-retail-at-notino-4432382712,Head of Regional Retail,,scraped,2026-07-07T02:25:44.186203,
e0b6244348b21e1b,https://sk.linkedin.com/jobs/view/language-travel-consultant-at-ef-4435458269,Language Travel Consultant,,scraped,2026-07-07T02:25:51.739294,
031d09162f1a9889,https://sk.linkedin.com/jobs/view/brand-manager-rx-at-magnapharm-slovakia-4431952009,Brand Manager Rx,MagnaPharm Slovakia,posted,2026-07-07T02:27:15.637829,28
23ca32eb825da13f,https://sk.linkedin.com/jobs/view/junior-sales-engineer-at-keyence-corporation-4434609649,Junior Sales Engineer,,scraped,2026-07-07T02:27:18.311579,
c8030ac22379fc41,https://sk.linkedin.com/jobs/view/business-coordinator-with-english-and-any-other-european-language-at-swiss-re-4426054892,Business Coordinator with English and any other European language,,scraped,2026-07-07T02:27:25.394694,
ceafc0e1807d6348,https://sk.linkedin.com/jobs/view/eu-project-manager-m-f-at-ikreon%C2%AE-make-it-move%21-4432358963,EU Project Manager (m/f),,scraped,2026-07-07T02:27:31.604147,
edb1180e77e328ae,https://sk.linkedin.com/jobs/view/head-of-finance-m-f-at-packeta-slovakia-4424761517,Head of Finance (M/F),,scraped,2026-07-07T02:28:42.358613,
b0e3dc17f4bc4b43,https://sk.linkedin.com/jobs/view/program-manager-42990-at-coolpeople-technology-4427985569,Program Manager (42990),,scraped,2026-07-07T02:28:49.231038,
a19a18c09b926b1e,https://sk.linkedin.com/jobs/view/talent-acquisition-specialist-kone-business-services-maternity-cover-at-kone-4435598719,Talent Acquisition Specialist (KONE Business Services) - maternity cover,,scraped,2026-07-07T02:28:56.234782,
08811d80edfedf9b,https://sk.linkedin.com/jobs/view/aftermarket-sales-consultant-independent-aftermarket-at-accenture-na-slovensku-4435043076,Aftermarket Sales Consultant (Independent Aftermarket),,scraped,2026-07-07T02:29:03.380874,
2c237d004e5f7535,https://sk.linkedin.com/jobs/view/ppc-mid-senior-at-media-and-digital-services-4433186761,PPC Mid/Senior,,scraped,2026-07-07T02:29:10.212172,
70c613190146e86f,https://sk.linkedin.com/jobs/view/%C5%A1pecialista-prev%C3%A1dzky-%E2%80%93-vodohospod%C3%A1r-m-%C5%BE-z%C3%A1stup-za-md-rd-at-n%C3%A1rodn%C3%A1-dia%C4%BEni%C4%8Dn%C3%A1-spolo%C4%8Dnos%C5%A5-4437453241,ŠPECIALISTA PREVÁDZKY – VODOHOSPODÁR (M/Ž) (ZÁSTUP ZA MD/RD),,scraped,2026-07-07T02:29:18.879596,
bcdb1eb6e4e7deee,https://sk.linkedin.com/jobs/view/site-contracts-manager-at-precision-for-medicine-4417505888,Site Contracts Manager,Precision For Medicine,posted,2026-07-07T02:30:35.512733,30
6f6c32cd2b0f0f19,https://sk.linkedin.com/jobs/view/stavebn%C3%A9-pr%C3%A1ce-obsluha-stavebn%C3%BDch-strojov-%E2%80%93-cestn%C3%BD-valec-at-strabag-4435806915,"Stavebné práce, obsluha stavebných strojov – cestný valec",,scraped,2026-07-07T02:30:38.220674,
3282c86ea1ba5721,https://sk.linkedin.com/jobs/view/supplier-quality-engineer-at-iee-sensing-4424847769,Supplier Quality Engineer,,scraped,2026-07-07T02:30:45.272702,
ebcc04ba6e581c78,https://sk.linkedin.com/jobs/view/billing-order-entry-specialist-with-french-at-deloitte-4417069587,Billing & Order Entry Specialist with French,Deloitte,posted,2026-07-07T02:31:11.718104,32
673d6e8abf2eacfc,https://sk.linkedin.com/jobs/view/category-manager-indirect-procurement-facility-management-at-lkq-europe-4437161427,Category Manager Indirect Procurement - Facility Management,,scraped,2026-07-07T02:31:14.496966,
cbcb125728883ff4,https://sk.linkedin.com/jobs/view/asistent-ka-predaja-v-predajni-jysk-%C5%BEilina-predmestie-700-eur-brutto-%2B-bonusy-20-hod-skr%C3%A1ten%C3%BD-%C3%BAv%C3%A4zok-at-jysk-4431938203,ASISTENT/KA PREDAJA V PREDAJNI JYSK ŽILINA Predmestie 700 EUR brutto + bonusy ( 20 hod. skrátený úväzok),,scraped,2026-07-07T02:31:22.106038,
926c69e063c44c9c,https://sk.linkedin.com/jobs/view/ai-engineering-intern-50-%25-fte-student-role-at-swiss-re-4427725673,"AI Engineering Intern (50 % FTE, student role)",,scraped,2026-07-07T02:31:28.869096,
2e4cfc4133a48b7b,https://sk.linkedin.com/jobs/view/cnc-fr%C3%A9zar-%C5%BE-m-at-%C5%A1vec-group-4433131598,CNC frézar (ž/m),,scraped,2026-07-07T02:31:35.187713,
6c195c04cf7c1c53,https://sk.linkedin.com/jobs/view/growth-marketer-at-the-flex-4436784115,Growth Marketer,,scraped,2026-07-07T02:31:43.515170,
e728700da317edd2,https://sk.linkedin.com/jobs/view/fullstack-developer-at-ibl-software-engineering-4433913471,Fullstack Developer,,scraped,2026-07-07T02:31:50.643982,
964234fc46ff7c58,https://sk.linkedin.com/jobs/view/junior-sales-order-manager-remote-from-sk-at-natek-4432764083,Junior Sales Order Manager (remote from SK),,scraped,2026-07-07T02:31:58.529474,
7a479d12d5f07a7b,https://sk.linkedin.com/jobs/view/payments-orchestration-specialist-at-fyst-4437469106,Payments Orchestration Specialist,,scraped,2026-07-07T02:32:05.645507,
a7036abb7112cbcc,https://sk.linkedin.com/jobs/view/system-administrator-4432372105,System Administrator,Krajský súd v Žiline,posted,2026-07-07T02:32:18.746268,34
3e7428aa2afd7002,https://sk.linkedin.com/jobs/view/equipment-packages-engineering-manager-at-kanadevia-inova-4428804554,Equipment & Packages Engineering Manager,,scraped,2026-07-07T02:32:21.404540,
5079b0ac29c7fa19,https://sk.linkedin.com/jobs/view/technical-writer-at-m%C3%BChlbauer-group-4431924761,Technical Writer,,scraped,2026-07-07T02:32:28.624080,
e0abbd8d17bf8da9,https://sk.linkedin.com/jobs/view/edtech-co-founder-cfo-100-%25-remote-m-f-d-at-ewor-4435471778,EdTech Co-Founder / CFO (100 % remote) (m/f/d),,scraped,2026-07-07T02:32:36.356856,
6b92be6bae663fe0,https://sk.linkedin.com/jobs/view/python-software-engineer-m-f-n-at-eset-4414037159,Python Software Engineer (m/f/n),,scraped,2026-07-07T02:32:43.058775,
9e82ad7fc49af4a5,https://sk.linkedin.com/jobs/view/sales-consultant-pre-sk-trh-at-ul%C3%A9ka%C5%99e-cz-4433750575,Sales Consultant pre SK trh,,scraped,2026-07-07T02:32:49.482556,
f0c4d8643c6c1b20,https://sk.linkedin.com/jobs/view/industrial-engineer-at-iee-sensing-4431976006,Industrial Engineer,,scraped,2026-07-07T02:32:56.838508,
c916178510369de1,https://sk.linkedin.com/jobs/view/podpora-obchodu-pre-leasing-sk-at-oberbank-cz-4436947741,Podpora obchodu pre Leasing SK,,scraped,2026-07-07T02:33:04.761270,
0e10d30a38e25272,https://sk.linkedin.com/jobs/view/sales-consultant-pre-sk-trh-at-ul%C3%A9ka%C5%99e-cz-4433199056,Sales Consultant pre SK trh,,scraped,2026-07-07T02:34:15.943298,
f4db520106d43260,https://sk.linkedin.com/jobs/view/senior-user-acquisition-manager-at-ruby-labs-4437466144,Senior User Acquisition Manager,Ruby Labs,posted,2026-07-07T02:34:28.782387,36
ae8406bf69898c72,https://sk.linkedin.com/jobs/view/mechanic-technician-at-oesl-automotive-4423106244,Mechanic Technician,,scraped,2026-07-07T02:34:31.412694,
0734c402c18ba8cc,https://sk.linkedin.com/jobs/view/robotics-engineer-body-in-white-manufacturing-engineering-vck-at-volvo-cars-4436192842,Robotics Engineer - Body in White Manufacturing Engineering (VCK),Volvo Cars,posted,2026-07-07T02:34:49.688541,38
033c28223232bd53,https://sk.linkedin.com/jobs/view/business-analyst-m-f-n-at-eset-4432707378,Business Analyst (m/f/n),,scraped,2026-07-07T02:34:52.368153,
e08ccd2b623c139b,https://sk.linkedin.com/jobs/view/ai-engineer-80%25-100%25-at-swiss-re-4435069140,AI Engineer (80%-100%),,scraped,2026-07-07T02:34:58.813475,
7c628b18b23f707e,https://sk.linkedin.com/jobs/view/technology-process-engineer-at-convatec-4436741399,Technology/Process Engineer,Convatec,posted,2026-07-07T02:35:14.761677,40
31bd355124e2e586,https://sk.linkedin.com/jobs/view/financial-controller-at-omron-electronic-components-europe-b-v-4437156697,Financial Controller,OMRON Electronic Components Europe B.V.,posted,2026-07-07T02:35:28.959297,42
45f1dc1169ac8907,https://sk.linkedin.com/jobs/view/business-analyst-at-convatec-4426345025,Business Analyst,Convatec,posted,2026-07-07T02:36:44.440486,44
7823f351cb329aca,https://sk.linkedin.com/jobs/view/lek%C3%A1r-bez-%C5%A1pecializ%C3%A1cie-at-zbor-v%C3%A4zenskej-a-justi%C4%8Dnej-str%C3%A1%C5%BEe-4431930282,Lekár (bez špecializácie),,scraped,2026-07-07T02:36:47.095246,
f956b9579a275ad1,https://sk.linkedin.com/jobs/view/business-development-manager-at-renomia-slovakia-4434948757,BUSINESS DEVELOPMENT MANAGER,,scraped,2026-07-07T02:36:54.432222,
e60142fb565cf235,https://sk.linkedin.com/jobs/view/obchodn%C3%ADk-%C5%BE-m-at-%C5%A1vec-group-4433124787,Obchodník (ž/m),,scraped,2026-07-07T02:37:02.804309,
0baa01cc6ace06d0,https://sk.linkedin.com/jobs/view/financial-accountant-at-siemens-energy-4416351041,Financial Accountant,,scraped,2026-07-07T02:38:14.783673,
4c5030e37daad86e,https://sk.linkedin.com/jobs/view/technical-analyst-suitable-for-fresh-graduates-temporary-role-hybrid-at-swiss-re-4435048964,"Technical Analyst (suitable for fresh graduates, temporary role, hybrid)",,scraped,2026-07-07T02:38:28.105208,
b0c58a08a7458ecc,https://sk.linkedin.com/jobs/view/medior-marketing-specialist-at-gymbeam-4437193332,Medior Marketing Specialist,,scraped,2026-07-07T02:38:34.582566,
d43f8c8d555a3989,https://sk.linkedin.com/jobs/view/fullstack-developer-react-c%23-net-m-f-n-at-eset-4435109225,Fullstack Developer - React & C#/.NET (m/f/n),,scraped,2026-07-07T02:38:41.521807,
9830c5e48bca6f90,https://sk.linkedin.com/jobs/view/jr-accountant-accounts-payable-at-covestro-4434968887,Jr. Accountant Accounts Payable,,scraped,2026-07-07T02:38:47.902437,
dc4d8de740045b41,https://sk.linkedin.com/jobs/view/project-engineer-at-hitachi-energy-4427907188,Project Engineer,,scraped,2026-07-07T02:38:55.442140,
5757a238baac3ece,https://sk.linkedin.com/jobs/view/central-eastern-europe-cluster-lead-manager-business-line-industries-robotics-at-abb-4432408157,"Central & Eastern Europe Cluster Lead Manager, Business Line Industries, Robotics",,scraped,2026-07-07T02:39:02.067118,
17249995166a5367,https://sk.linkedin.com/jobs/view/senior-associate-accounting-at-kyndryl-4435740396,"Senior Associate, Accounting",Kyndryl,posted,2026-07-07T02:39:20.416584,46
12169f5a54329e4c,https://sk.linkedin.com/jobs/view/customs-trade-compliance-specialist-at-kanadevia-inova-4435836277,Customs & Trade Compliance Specialist,,scraped,2026-07-07T02:39:23.164426,
1bc621ce9d137191,https://sk.linkedin.com/jobs/view/ved%C3%BAci-kvality-%C5%BE-m-at-%C5%A1vec-group-4433136356,Vedúci kvality (ž/m),,scraped,2026-07-07T02:39:30.691379,
396d033fc96ddec5,https://sk.linkedin.com/jobs/view/projektant-projektantka-%E2%80%93-vonkaj%C5%A1ie-rozvody-in%C5%BEinierskych-siet%C3%AD-%E2%80%93-plyn-at-reming-consult-a-s-4435195186,Projektant/Projektantka – vonkajšie rozvody inžinierskych sietí – plyn,,scraped,2026-07-07T02:39:39.086757,
e0ceb1feb4be7d27,https://sk.linkedin.com/jobs/view/global-mobile-administrator-at-adient-4418789437,Global Mobile Administrator,,scraped,2026-07-07T02:39:46.291732,
f600d8ad4daf3623,https://sk.linkedin.com/jobs/view/v%C3%A1%C5%A1-partner-pre-z%C3%A1kazkov%C3%BA-v%C3%BDrobu-lisovac%C3%ADch-n%C3%A1strojov-at-%C5%A1vec-group-4433117886,Váš partner pre zákazkovú výrobu lisovacích nástrojov,,scraped,2026-07-07T02:42:58.647684,
f23e5bf03883fbf6,https://sk.linkedin.com/jobs/view/senior-training-and-capacity-development-expert-at-ntu-international-a-s-4434995016,Senior Training and Capacity Development Expert,,scraped,2026-07-07T02:44:10.803240,
3f0e1604f9127827,https://sk.linkedin.com/jobs/view/technick%C3%BD-specialista-at-goyart-design-4433167505,Technický specialista,,scraped,2026-07-07T02:45:21.863781,
bcefcf174278504d,https://sk.linkedin.com/jobs/view/c%23-net-developer-medior-senior-at-eset-4432700567,C#/.NET Developer (Medior/Senior),,scraped,2026-07-07T02:45:28.411767,
e85025769a40a83e,https://sk.linkedin.com/jobs/view/material-supply-specialist-at-gpv-4436711554,Material Supply Specialist,,scraped,2026-07-07T02:45:34.799121,
0e25a950350b90a9,https://sk.linkedin.com/jobs/view/%C5%A1pecialista-pr%C3%A1vnik-m-%C5%BE-at-n%C3%A1rodn%C3%A1-dia%C4%BEni%C4%8Dn%C3%A1-spolo%C4%8Dnos%C5%A5-4437449588,ŠPECIALISTA PRÁVNIK (M/Ž),,scraped,2026-07-07T02:45:42.243629,
d7dfb34bde9e799b,https://sk.linkedin.com/jobs/view/mana%C5%BE%C3%A9r-ka-predajne-jysk-zvolen-1900-eur-brutto-%2B-bonusy-pln%C3%BD-37-5-hod-prac-%C3%BAv%C3%A4zok-at-jysk-4433942557,"MANAŽÉR/KA PREDAJNE JYSK ZVOLEN 1900 EUR brutto + bonusy (plný 37,5 hod.prac. úväzok)",,scraped,2026-07-07T02:45:50.885470,
9567a654e7794286,https://sk.linkedin.com/jobs/view/manager-digital-operations-support-at-caterpillar-inc-4435804888,Manager Digital Operations Support,Caterpillar Inc.,posted,2026-07-07T02:47:55.018936,48
d063d58a2ffcd3bd,https://sk.linkedin.com/jobs/view/launch-leader-at-jlr-4422252671,Launch Leader,,scraped,2026-07-07T02:47:57.646995,
666c3e7d5c4c985a,https://sk.linkedin.com/jobs/view/ai-engineer-m-f-d-at-obermeyer-group-4435102621,AI ENGINEER (m/f/d),,scraped,2026-07-07T02:49:07.984586,
875260b39f3b3d6b,https://sk.linkedin.com/jobs/view/erp-support-engineer-at-inalfa-roof-systems-group-4414733094,ERP support engineer,,scraped,2026-07-07T02:49:14.530538,
0313660982018b8e,https://sk.linkedin.com/jobs/view/handling-operator-at-bekaert-4432375051,Handling Operator,,scraped,2026-07-07T02:49:22.236249,
a2bcd674f2ec0c3e,https://sk.linkedin.com/jobs/view/operations-support-agent-associate-at-fedex-4436719470,Operations Support Agent-Associate,FedEx,posted,2026-07-07T02:50:42.151672,50
e1a72d7ec03feb10,https://sk.linkedin.com/jobs/view/%C5%A1pecialista-geodet-m-%C5%BE-at-n%C3%A1rodn%C3%A1-dia%C4%BEni%C4%8Dn%C3%A1-spolo%C4%8Dnos%C5%A5-4437445800,ŠPECIALISTA GEODET (M/Ž),,scraped,2026-07-07T02:50:44.860384,
591bad451c687f81,https://sk.linkedin.com/jobs/view/project-manager-at-convatec-4373838556,Project Manager,,scraped,2026-07-07T02:50:53.271490,
e5369fd60d652c6f,https://sk.linkedin.com/jobs/view/finance-internship-program-for-university-students-at-dell-technologies-4436076996,Finance Internship Program for University Students,,scraped,2026-07-07T02:51:00.232862,
8f4d6ec2e2cadc83,https://sk.linkedin.com/jobs/view/mana%C5%BE%C3%A9r-ka-predajne-jysk-pova%C5%BEsk%C3%A1-bystrica-1900-eur-brutto-%2B-mesa%C4%8Dn%C3%A9-bonusy-pln%C3%BD-37-5hod-prac-%C3%BAv%C3%A4zok-at-jysk-4433931906,"MANAŽÉR/KA PREDAJNE JYSK POVAŽSKÁ BYSTRICA 1900 EUR brutto + mesačné bonusy (plný 37,5hod. prac. úväzok)",,scraped,2026-07-07T02:51:18.985220,
23577ec7e66cfc72,https://sk.linkedin.com/jobs/view/solutions-services-inside-sales-representative-at-lenovo-4426997596,Solutions & Services Inside Sales Representative,,scraped,2026-07-07T02:51:25.528099,
03bc831f19d734f5,https://sk.linkedin.com/jobs/view/senior-python-data-scraping-engineer-freelance-at-mindrift-4436198925,Senior Python Data Scraping Engineer (Freelance),,scraped,2026-07-07T02:54:30.312889,
c8f915298d9b7f65,https://sk.linkedin.com/jobs/view/projektov%C3%BD-mana%C5%BE%C3%A9r-v-k-r-t-s-r-o-at-krt-pekn%C3%A9-k%C3%BApe%C4%BEne-a-kuchyne-4432778136,"Projektový manažér v K.R.T., s. r. o.",,scraped,2026-07-07T02:54:37.395489,
9940b30a2193f86e,https://sk.linkedin.com/jobs/view/gme-t-f-manufacturing-lead-engineer-at-apprize-technology-solutions-4432395949,GME T&F Manufacturing Lead Engineer,Apprize Technology Solutions,posted,2026-07-07T02:55:29.972516,52
dd9ed2d252642af4,https://sk.linkedin.com/jobs/view/expert-lead-transformation-process-improvements-at-ing-hubs-slovakia-4432798307,Expert Lead Transformation (Process Improvements),,scraped,2026-07-07T02:55:32.734536,
e87eb5f355141096,https://sk.linkedin.com/jobs/view/data-engineer-at-bolder-group-4342040004,Data Engineer,,scraped,2026-07-07T02:56:43.132619,
c0a6b310e4a326e6,https://sk.linkedin.com/jobs/view/development-engineer-at-continental-4435810290,DEVELOPMENT ENGINEER,,scraped,2026-07-07T02:56:51.221958,
675f2055f7845a48,https://sk.linkedin.com/jobs/view/business-development-marketing-specialist-%C5%BE-m-at-orange-4433180812,Business Development & Marketing Specialist (ž/m),Orange,posted,2026-07-07T02:57:07.431881,54
98b77bb8acb7da2d,https://sk.linkedin.com/jobs/view/sales-executive-at-dachser-4428701977,Sales Executive,,scraped,2026-07-07T02:57:09.858810,
823dc7af4bcd3a44,https://sk.linkedin.com/jobs/view/reinsurance-accountant-at-synpulse-4436405097,Reinsurance Accountant,,scraped,2026-07-07T02:57:17.959936,
1d44507586a4b3e8,https://sk.linkedin.com/jobs/view/majster-na-stierky-a-tapetovanie-at-karki-4431999863,Majster na stierky a tapetovanie,KARKI,posted,2026-07-07T02:57:34.964250,56
23a5211c10d47db0,https://sk.linkedin.com/jobs/view/%C5%A1pecialista-pre-podnikate%C4%BEov-%C4%8Dsob-bratislava-m-%C5%BE-at-%C4%8Dsob-finan%C4%8Dn%C3%A1-skupina-4436067702,Špecialista pre podnikateľov ČSOB Bratislava (M/Ž),,scraped,2026-07-07T02:57:37.678547,
d0e08ac2af9cfb17,https://sk.linkedin.com/jobs/view/information-security-architect-at-johnson-controls-4412839708,Information Security Architect,,scraped,2026-07-07T02:57:44.625768,
dc4624fcf3cf2163,https://sk.linkedin.com/jobs/view/operations-lead-enable-vendor-at-mondel%C4%93z-international-4436426252,"Operations Lead, Enable vendor",Mondelēz International,posted,2026-07-07T02:57:59.668136,58
83e475f72ba6ee3c,https://sk.linkedin.com/jobs/view/game-presenter-russian-ukrainian-speakers-bucharest-romania-at-grow-tech-com-4435406197,"Game Presenter (Russian & Ukrainian Speakers) - Bucharest, Romania",Grow-tech.com,posted,2026-07-07T02:58:36.733744,60
56baae118803cf85,https://sk.linkedin.com/jobs/view/go-to-market-systems-engineer-at-cast-ai-4436339713,Go-To-Market Systems Engineer,,scraped,2026-07-07T02:58:39.356354,
4d179c635bab4cc3,https://sk.linkedin.com/jobs/view/infrastructure-protection-security-specialist-cloud-m-f-n-at-eset-4417700937,Infrastructure Protection Security Specialist - Cloud (m/f/n),,scraped,2026-07-07T02:58:50.148885,
c07127c2dbb1f2d8,https://sk.linkedin.com/jobs/view/senior-indirect-tax-consultant-at-ey-4433956364,Senior Indirect Tax Consultant,EY,posted,2026-07-07T02:59:04.466613,62
67a2e8a207ea7842,https://sk.linkedin.com/jobs/view/pr%C3%A9miov%C3%BD-bank%C3%A1r-%E2%80%93-%C4%8Dsob-bratislava-m-%C5%BE-at-%C4%8Dsob-finan%C4%8Dn%C3%A1-skupina-4436072568,Prémiový bankár – ČSOB Bratislava (M/Ž),,scraped,2026-07-07T02:59:07.141364,
03c69c6453ffec9e,https://sk.linkedin.com/jobs/view/obr%C3%A1ba%C4%8D-kovov-%E2%80%93-fr%C3%A9zar-alebo-s%C3%BAstru%C5%BEn%C3%ADk-%C5%BE-m-at-%C5%A1vec-group-4433128631,Obrábač kovov – frézar alebo sústružník (ž/m),,scraped,2026-07-07T02:59:13.911189,
ffe0c840324c1d56,https://sk.linkedin.com/jobs/view/pl%C3%A1nova%C4%8D-v%C3%BDroby-automobilov-porsche-a-audi-at-bbi-international-a-s-4433196994,Plánovač výroby automobilov Porsche a Audi,,scraped,2026-07-07T02:59:22.638864,
3e8b68eca6b817cc,https://sk.linkedin.com/jobs/view/%C5%A1pecialista-kybernetickej-bezpe%C4%8Dnosti-m-%C5%BE-at-n%C3%A1rodn%C3%A1-dia%C4%BEni%C4%8Dn%C3%A1-spolo%C4%8Dnos%C5%A5-4437446659,ŠPECIALISTA KYBERNETICKEJ BEZPEČNOSTI (M/Ž),,scraped,2026-07-07T02:59:29.526090,
a9febbb59d3f3066,https://sk.linkedin.com/jobs/view/jr-analyst-global-trade-with-chemical-background-m-f-at-henkel-4436926529,Jr Analyst Global Trade with chemical background (m/f),,scraped,2026-07-07T03:00:41.669195,
1773b05b3d7c5a02,https://sk.linkedin.com/jobs/view/investment-operations-specialist-at-swiss-re-4435064206,Investment Operations Specialist,,scraped,2026-07-07T03:01:52.658511,
d89de224e2c4a73c,https://sk.linkedin.com/jobs/view/principal-data-science-analyst-at-takeda-4351955866,Principal Data Science Analyst,,scraped,2026-07-07T03:01:59.506321,
47934594cf9e2470,https://sk.linkedin.com/jobs/view/engineer-ii-research-and-development-at-convatec-4435126356,Engineer II - Research and Development,Convatec,posted,2026-07-07T03:02:17.261750,64
6d1994c8c1354899,https://sk.linkedin.com/jobs/view/servicenow-technical-consultant-at-it-technical-jobs-4437185967,ServiceNow Technical Consultant,IT Technical Jobs,posted,2026-07-07T03:02:27.853135,66
4efdd588b72d0f55,https://sk.linkedin.com/jobs/view/junior-internal-auditor-at-kronospan-4436096754,Junior Internal Auditor,,scraped,2026-07-07T03:02:30.576956,
303c644e52384c1a,https://sk.linkedin.com/jobs/view/mobile-sw-engineer-junior-medior-f-m-n-at-eset-4344801912,Mobile SW Engineer (junior/medior) f/m/n,,scraped,2026-07-07T03:03:41.722068,
8ff35b843dfd6ed7,https://sk.linkedin.com/jobs/view/experienced-machine-learning-researcher-m-f-n-at-eset-4385085022,Experienced Machine Learning Researcher (m/f/n),,scraped,2026-07-07T03:04:51.593516,
4d9c05365bf0df61,https://sk.linkedin.com/jobs/view/senior-collection-analyst-with-german-debit-balance-collections-team-at-amazon-4426373873,"Senior Collection Analyst with German, Debit balance collections team",Amazon,posted,2026-07-07T03:08:13.291195,68
e2c42a873a06e104,https://sk.linkedin.com/jobs/view/qa-automation-engineer-m-f-d-for-fci-at-deutsche-telekom-4436703716,QA Automation Engineer (m/f/d) for FCI,,scraped,2026-07-07T03:08:15.904706,
e848c02fdad528ea,https://sk.linkedin.com/jobs/view/priv%C3%A1tny-bank%C3%A1r-at-grafton-recruitment-4431935872,Privátny bankár,,scraped,2026-07-07T03:08:23.447654,
4094263dfb7791cd,https://sk.linkedin.com/jobs/view/junior-konzultant-ka-pre-inov%C3%A1cie-technick%C3%A9-vzdelanie-podmienkou-at-ayming-4413617441,Junior Konzultant/ka pre inovácie (technické vzdelanie podmienkou),,scraped,2026-07-07T03:08:30.980071,
a800c07c9c554874,https://sk.linkedin.com/jobs/view/senior-business-mana%C5%BE%C3%A9r-m-%C5%BE-%E2%80%93-full-service-leasing-at-tatra-banka-4432771183,Senior Business Manažér (M/Ž) – Full Service Leasing,Tatra banka,posted,2026-07-07T03:08:50.575833,70
70b96e604d241f41,https://sk.linkedin.com/jobs/view/field-engineer-at-ecordia-eu-4436125928,Field Engineer,Ecordia EU,posted,2026-07-07T03:10:38.365222,72
79b0231ffdf938c4,https://sk.linkedin.com/jobs/view/social-media-manager-%C2%B7-ppc-%C5%A1pecialista-meta-ads-at-dexfinity-4432376592,Social Media Manager · PPC špecialista Meta Ads,,scraped,2026-07-07T03:10:41.031371,
d76369ffdfdec04e,https://sk.linkedin.com/jobs/view/senior-nfr-expert-ing-analytics-at-ing-hubs-slovakia-4433108106,Senior NFR Expert - ING Analytics,,scraped,2026-07-07T03:10:48.167446,
c8cc0e9daed93354,https://sk.linkedin.com/jobs/view/full-stack-developer-ai-at-onsemi-4433701495,Full Stack Developer AI,onsemi,posted,2026-07-07T03:11:20.704574,74
82c804471cfde855,https://sk.linkedin.com/jobs/view/full-stack-engineer-at-swiss-re-4434650369,Full Stack Engineer,,scraped,2026-07-07T03:11:23.448169,
933b8d9372311a99,https://sk.linkedin.com/jobs/view/digital-ai-program-manager-at-dentsply-sirona-4415986199,Digital & AI Program Manager,,scraped,2026-07-07T03:11:29.711514,
952796a2f6cbe3e1,https://sk.linkedin.com/jobs/view/sap-advanced-business-application-programming-consultant-at-pertemps-erp-part-of-network-emea-4436732587,Sap Advanced Business Application Programming Consultant,,scraped,2026-07-07T03:12:20.054000,
9e17bf51168293e7,https://sk.linkedin.com/jobs/view/customer-success-manager-all-genders-at-allplan-4407473642,Customer Success Manager (All Genders),,scraped,2026-07-07T03:12:27.042328,
b52a4477b0a8b54c,https://sk.linkedin.com/jobs/view/power-platform-developer-at-itmatch-4435155892,Power Platform developer,,scraped,2026-07-07T03:12:33.948039,
faf6930fa29badfc,https://sk.linkedin.com/jobs/view/back-office-administrator-with-italian-or-spanish-at-swiss-re-4435426974,Back office Administrator with Italian or Spanish,,scraped,2026-07-07T03:12:40.783359,
b087facdfcb08bf1,https://sk.linkedin.com/jobs/view/accounting-controller-at-onsemi-4413342048,Accounting Controller,onsemi,posted,2026-07-07T03:13:10.380029,76
531f8dbef4654dd5,https://sk.linkedin.com/jobs/view/sales-representative-at-macmillan-education-4415671332,Sales Representative,,scraped,2026-07-07T03:13:13.013870,
94ea6d6d2e010986,https://sk.linkedin.com/jobs/view/application-engineer-at-sandvik-4374296448,Application Engineer,,scraped,2026-07-07T03:13:20.270234,
c80329433f1f083e,https://sk.linkedin.com/jobs/view/application-engineer-at-sandvik-4374299398,Application Engineer,,scraped,2026-07-07T03:13:27.566248,
893aecdecc6b5468,https://sk.linkedin.com/jobs/view/accounting-professional-at-siemens-energy-4413102325,Accounting Professional,,scraped,2026-07-07T03:13:34.227691,
a21eed5160652727,https://sk.linkedin.com/jobs/view/graduate-area-manager-2026-start-date-at-amazon-4428127339,Graduate Area Manager - 2026 Start Date,Amazon,posted,2026-07-07T03:15:40.607201,78
1af85f34af173e82,https://sk.linkedin.com/jobs/view/ecommerce-technical-it-operations-professional-hybrid-bratislava-%C5%BEilina-ko%C5%A1ice-m-f-d-at-siemens-healthineers-4417665721,eCommerce Technical IT Operations Professional - Hybrid - Bratislava/Žilina/Košice (m/f/d),,scraped,2026-07-07T03:15:43.272697,
0ea28d35612830df,https://sk.linkedin.com/jobs/view/line-manager-site-contracts-management-fsp-at-precision-for-medicine-4417514070,"Line Manager, Site Contracts Management- FSP",,scraped,2026-07-07T03:15:50.055681,
a9c1bfa8571efa66,https://sk.linkedin.com/jobs/view/commercial-profit-operations-analyst-europe-meta-at-lenovo-4415789749,Commercial Profit Operations Analyst - Europe & META,Lenovo,posted,2026-07-07T03:16:04.284792,80
6dea77644d775fc8,https://sk.linkedin.com/jobs/view/senior-full-stack-engineer-id74259-at-agileengine-4434331001,Senior Full Stack Engineer ID74259,AgileEngine,posted,2026-07-07T03:16:17.133271,82
9116451ccea17751,https://sk.linkedin.com/jobs/view/technical-support-engineer-ali-at-caterpillar-inc-4436347588,Technical Support Engineer - ALI,Caterpillar Inc.,posted,2026-07-07T03:16:29.443779,84
c010cef92545f0e9,https://sk.linkedin.com/jobs/view/senior-marketing-automation-developer-at-ibm-4426344261,Senior Marketing Automation Developer,IBM,posted,2026-07-07T03:16:38.405464,86
dcbf97875fd586f2,https://sk.linkedin.com/jobs/view/korpor%C3%A1tny-obchodn%C3%ADk-pre-v%C3%BDchodn%C3%A9-slovensko-%C4%8Dsob-leasing-m-%C5%BE-at-%C4%8Dsob-finan%C4%8Dn%C3%A1-skupina-4435066179,Korporátny obchodník pre východné Slovensko - ČSOB Leasing (M/Ž),,scraped,2026-07-07T03:16:41.052822,
ff590585ee0acca2,https://sk.linkedin.com/jobs/view/head-of-plant-logistics-m-f-d-at-zf-group-4432706411,Head of Plant Logistics (m/f/d),,scraped,2026-07-07T03:16:47.765846,
7dc496b049496df9,https://sk.linkedin.com/jobs/view/hr-administrator-with-german-and-english-%E2%80%93-12-months-fixed-term-contract-time-services-germany-ctk-team-at-amazon-4436136340,"HR Administrator with German and English – 12-months (fixed-term) contract , Time Services Germany, CTK Team",Amazon,posted,2026-07-07T03:16:59.372394,88
b3c3d6b6cbbad2d1,https://sk.linkedin.com/jobs/view/zero-trust-network-operations-engineer-at-johnson-controls-4433113979,Zero Trust Network Operations Engineer,,scraped,2026-07-07T03:17:02.119854,
80f96df393c9e2c6,https://sk.linkedin.com/jobs/view/senior-quality-manager-cz-sk-2-year-cover-at-danone-4435848470,Senior Quality Manager CZ/SK (2-year cover),,scraped,2026-07-07T03:17:08.473866,
cc9194e37a6cb481,https://sk.linkedin.com/jobs/view/c%2B%2B-programmer-linux-security-m-f-n-at-eset-4422296396,C++ Programmer - Linux & Security (m/f/n),,scraped,2026-07-07T03:17:15.028250,
18a31f67d819c2d8,https://sk.linkedin.com/jobs/view/office-and-facilities-assistant-6-months-contract-at-spin-master-4434626828,Office and Facilities Assistant (6 months contract),,scraped,2026-07-07T03:17:21.836146,
ea23f824713802f6,https://sk.linkedin.com/jobs/view/part-time-student-ap-invoice-validation-team-at-adient-4431924605,Part - Time Student AP Invoice Validation Team,,scraped,2026-07-07T03:17:28.335630,
485d612b14a71890,https://sk.linkedin.com/jobs/view/l1-support-43143-at-coolpeople-technology-4435132252,L1 Support (43143),,scraped,2026-07-07T03:18:12.295377,
35c64ecddb1c160c,https://sk.linkedin.com/jobs/view/ecommerce-technical-it-operations-professional-hybrid-bratislava-%C5%BEilina-ko%C5%A1ice-m-f-d-at-siemens-healthineers-4417660792,eCommerce Technical IT Operations Professional - Hybrid - Bratislava/Žilina/Košice (m/f/d),,scraped,2026-07-07T03:18:19.258486,
bebf9dc6e551f1b9,https://sk.linkedin.com/jobs/view/senior-purchaser-for-contract-manufacturing-and-trading-goods-at-henkel-4387867133,Senior Purchaser for Contract manufacturing and Trading goods,,scraped,2026-07-07T03:18:26.271161,
2f6e9acff3d6ddaa,https://sk.linkedin.com/jobs/view/solutions-architect-id68730-at-agileengine-4435454269,Solutions Architect ID68730,AgileEngine,posted,2026-07-07T03:18:45.522942,90
3ef07a3846358c0b,https://sk.linkedin.com/jobs/view/php-developer-developerka-%E2%80%93-7h-pracovn%C3%BD-de%C5%88-produktov%C3%BD-ekosyst%C3%A9m-at-superfakt%C3%BAra-4433924776,"PHP Developer/developerka – 7h pracovný deň, produktový ekosystém",,scraped,2026-07-07T03:18:48.138859,
ffa6b5b1c99c7855,https://sk.linkedin.com/jobs/view/investi%C4%8Dn%C3%BD-%C5%A1pecialista-3929829252,Investičný špecialista,GOMOV s.r.o.,posted,2026-07-07T03:19:00.724390,92
eb7de40053534342,https://sk.linkedin.com/jobs/view/it-retail-specialist-growwwer-at-slovnaft-4435814241,IT Retail Specialist GROWWWER,,scraped,2026-07-07T03:19:03.411043,
e7807e1b18f092b8,https://sk.linkedin.com/jobs/view/sales-representative-traditional-trade-at-stanley-black-decker-inc-4436181446,Sales Representative Traditional Trade,"Stanley Black & Decker, Inc.",posted,2026-07-07T03:19:55.954688,94
fb94c13e7044ab98,https://sk.linkedin.com/jobs/view/cans-deco-be-team-leader-at-crown-holdings-inc-4427073138,Cans Deco & BE Team Leader,,scraped,2026-07-07T03:19:58.612096,
45640ccd804c3780,https://sk.linkedin.com/jobs/view/security-engineer-at-epam-systems-4297422005,Security Engineer,EPAM Systems,posted,2026-07-07T03:23:17.710876,96
5b4cfe0958f4afec,https://sk.linkedin.com/jobs/view/junior-influencer-marketing-specialist-with-slovak-at-whitepress%C2%AE-4436705975,Junior Influencer Marketing Specialist with Slovak,,scraped,2026-07-07T03:23:20.324266,
0440d15fed18db74,https://sk.linkedin.com/jobs/view/senior-feasibility-associate-feasibility-manager-at-precision-for-medicine-4417515028,Senior Feasibility Associate / Feasibility Manager,Precision For Medicine,posted,2026-07-07T03:23:39.122310,98
118576fd08ae36ee,https://sk.linkedin.com/jobs/view/senior-business-finance-analyst-m-f-d-operations-supply-windows-division-at-velux-4435846557,"Senior Business Finance Analyst M/F/D (Operations & Supply, Windows division)",,scraped,2026-07-07T03:23:41.500142,
0562f5bd4fa428c8,https://sk.linkedin.com/jobs/view/psychotherapist-4432750992,Psychotherapist,OSOBNAMOC.SK,posted,2026-07-07T03:23:53.041794,100
56abdb231f787e3b,https://sk.linkedin.com/jobs/view/senior-ai-solutions-engineer-at-uniqa-4ward-4436205105,Senior AI Solutions Engineer,,scraped,2026-07-07T03:23:55.671556,
2fede704d5d82f74,https://sk.linkedin.com/jobs/view/referent-ka-administrat%C3%ADvy-s-nemeck%C3%BDm-jazykom-na-%C3%BArovni-b2-at-uniqa-group-services-4339953541,Referent/ka administratívy s nemeckým jazykom na úrovni B2,UNIQA Group Services,posted,2026-07-07T03:24:10.516155,102
b9dfff300b6cfdba,https://sk.linkedin.com/jobs/view/full-stack-engineer-mds-iim%E2%80%8B-at-mondel%C4%93z-international-4428105293,"Full Stack Engineer, MDS IIM",Mondelēz International,posted,2026-07-07T03:24:19.911398,104
8cfc37fc210298b0,https://sk.linkedin.com/jobs/view/associate-designer-%E2%80%93-3d-cable-systems-in-electric-substations-at-hitachi-energy-4434638114,Associate designer – 3D cable systems in electric substations,,scraped,2026-07-07T03:24:22.569045,
04f154a216e31c54,https://sk.linkedin.com/jobs/view/in%C5%BEinier-kvality-at-jbt-marel-4398802419,Inžinier kvality,JBT Marel,posted,2026-07-07T03:24:35.479858,106
f8ad7ff2b1495f04,https://sk.linkedin.com/jobs/view/systems-support-engineer-m-f-n-at-eset-4344881540,Systems Support Engineer (m/f/n),,scraped,2026-07-07T03:24:38.135900,
f087fc48bb258a26,https://sk.linkedin.com/jobs/view/electrical-system-engineer-at-vertiv-4368685832,Electrical System Engineer,Vertiv,posted,2026-07-07T03:24:51.645369,108
3112203646e03c86,https://sk.linkedin.com/jobs/view/senior-data-scientist-%C5%BE-m-at-orange-4436079369,Senior Data Scientist (ž/m),Orange,posted,2026-07-07T03:25:02.491758,110
932d11b4c71e8a76,https://sk.linkedin.com/jobs/view/technical-support-engineer-at-servers-com-4437142611,Technical Support Engineer,Servers.com,posted,2026-07-07T03:25:11.455970,112
7a4fede0e8ceaf31,https://sk.linkedin.com/jobs/view/devops-engineer-professional-m-f-d-industrial-ai-cloud-omniverse-platform-%2B-5-000-%E2%82%AC-sign-on-bonus-at-deutsche-telekom-4435829533,"DevOps Engineer Professional (m/f/d) Industrial AI Cloud (Omniverse Platform) + 5,000 € Sign-On Bonus",,scraped,2026-07-07T03:25:14.050625,
64a80f972dd08cfb,https://sk.linkedin.com/jobs/view/safety-scientist-real-world-evidence-rwe-emea-at-thermo-fisher-scientific-4425349575,"Safety Scientist- Real World Evidence (RWE), EMEA",Thermo Fisher Scientific,posted,2026-07-07T03:25:27.468554,114
0f601a309c8422d3,https://sk.linkedin.com/jobs/view/global-web-development-manager-at-eset-4413313315,Global Web Development Manager,,scraped,2026-07-07T03:25:30.168376,
645c6ce16d646e62,https://sk.linkedin.com/jobs/view/sales-support-professional-at-siemens-healthineers-4423167352,Sales Support Professional,,scraped,2026-07-07T03:25:37.071811,
10e9fd94bf59cfd2,https://sk.linkedin.com/jobs/view/automatiza%C4%8Dn%C3%BD-softv%C3%A9rov%C3%BD-in%C5%BEinier-at-hoval-4382438142,Automatizačný softvérový inžinier,,scraped,2026-07-07T03:25:44.181625,
8a9e05c1218d9680,https://sk.linkedin.com/jobs/view/sap-logistics-consultant-sd-s-4hana-at-epam-systems-4418767477,"SAP Logistics Consultant SD, S/4HANA",EPAM Systems,posted,2026-07-07T03:25:55.845478,116
c74afea75cc6e0c7,https://sk.linkedin.com/jobs/view/sap-logistics-consultant-sd-s-4hana-at-epam-systems-4418765451,"SAP Logistics Consultant SD, S/4HANA",EPAM Systems,scraped,2026-07-07T03:26:10.449881,
7f406d818d6eb419,https://sk.linkedin.com/jobs/view/supervisor-of-production-m-f-d-at-zf-group-4433153625,Supervisor of Production (m/f/d),,scraped,2026-07-07T03:26:12.987594,
059a5087ccf39bd4,https://sk.linkedin.com/jobs/view/test-manager-43149-at-coolpeople-technology-4435820176,Test Manager (43149),,scraped,2026-07-07T03:26:19.608721,
765d21b8103507d8,https://sk.linkedin.com/jobs/view/supplier-quality-engineer-npdi-at-vertiv-4377848584,Supplier Quality Engineer (NPDI),,scraped,2026-07-07T03:26:26.470456,
ffd44fc2ff4a5871,https://sk.linkedin.com/jobs/view/abap-software-engineer-at-epam-systems-4313353602,ABAP Software Engineer,EPAM Systems,posted,2026-07-07T03:26:51.478171,118
b667bf346ac50f5c,https://sk.linkedin.com/jobs/view/analytik-produktov-expert-pre-motor-business-pre-%C4%8Dsob-pois%C5%A5ov%C5%88u-m-%C5%BE-at-%C4%8Dsob-finan%C4%8Dn%C3%A1-skupina-4435397861,Analytik produktov - Expert pre motor business pre ČSOB Poisťovňu (M/Ž),,scraped,2026-07-07T03:26:54.184491,
caf9ab23481c33c3,https://sk.linkedin.com/jobs/view/jr-accountant-accounts-payable-with-german-language-at-covestro-4436300918,Jr. Accountant Accounts Payable with German language,,scraped,2026-07-07T03:27:00.820256,
1714b884ef816aa5,https://sk.linkedin.com/jobs/view/projektov%C3%BD-mana%C5%BE%C3%A9r-grantov%C3%BDch-projektov-m-%C5%BE-at-z%C3%A1padoslovensk%C3%A1-energetika-a-s-skupina-zse-4436301274,Projektový manažér grantových projektov (m/ž),,scraped,2026-07-07T03:27:08.436026,
3d633dd99ac89b1b,https://sk.linkedin.com/jobs/view/syst%C3%A9mov%C3%BD-mana%C5%BE%C3%A9r-kvality-pre-stroj%C3%A1rsky-priemysel-4433924759,Systémový manažér kvality pre strojársky priemysel,Optifin Invest,posted,2026-07-07T03:27:20.909421,120
dbda24b13c846ecf,https://sk.linkedin.com/jobs/view/devops-engineer-professional-for-industrial-ai-cloud-omniverse-platform-%2B-5%E2%80%AF000-%E2%82%AC-sign%E2%80%91on-bonus-m-f-d-at-deutsche-telekom-it-solutions-slovakia-4436077799,DevOps Engineer Professional for Industrial AI Cloud (Omniverse platform) + 5 000 € Sign‑On Bonus (m/f/d),,scraped,2026-07-07T03:27:23.567569,
3c52d1e5693a55f5,https://sk.linkedin.com/jobs/view/senior-business-development-manager-at-natek-4408290480,Senior Business Development Manager,,scraped,2026-07-07T03:27:31.015215,
0b47d525d12c4b64,https://sk.linkedin.com/jobs/view/lead-delivery-solution-manager-m-f-d-with-german-at-deutsche-telekom-4436497860,Lead Delivery Solution Manager (m/f/d) with German,,scraped,2026-07-07T03:27:38.368659,
0840ab388045b799,https://sk.linkedin.com/jobs/view/zamestnanec-predajne-30-20-hod-t%C3%BD%C5%BEdenne-at-action-4417362652,Zamestnanec predajne - 30/20 hod. týždenne,,scraped,2026-07-07T03:27:45.734299,
ff3f56825f7c61b5,https://sk.linkedin.com/jobs/view/senior-finance-analyst-with-german-aws-account-receivable-at-amazon-web-services-aws-4399253333,"Senior Finance Analyst with German, AWS Account Receivable",Amazon Web Services (AWS),posted,2026-07-07T03:28:51.401748,122
ad4609eb77ad46c5,https://sk.linkedin.com/jobs/view/projektant-odd%C4%9Blen%C3%AD-pozemn%C3%ADch-staveb-at-afry-4436731996,Projektant | Oddělení pozemních staveb,,scraped,2026-07-07T03:28:54.007635,
2b220a81d7d978ab,https://sk.linkedin.com/jobs/view/senior-project-manager-at-henley-partners-the-firm-of-global-citizens%C2%AE-4432754967,Senior Project Manager,,scraped,2026-07-07T03:29:00.464250,
9b66925724ff278d,https://sk.linkedin.com/jobs/view/program-manager-manufacturing-lvsa-at-eaton-4425304178,Program Manager - Manufacturing LVSA,Eaton,posted,2026-07-07T03:29:51.837423,124
d3b6757c6b45076f,https://sk.linkedin.com/jobs/view/komplexn%C3%BD-%C3%A1-%C3%BA%C4%8Dtovn%C3%ADk-%C4%8Dka-%C3%BA%C4%8Dtovn%C3%A1-spolo%C4%8Dnos%C5%A5-at-persona-grata-hr-4431597250,Komplexný/á účtovník/čka (účtovná spoločnosť),,scraped,2026-07-07T03:29:54.435125,
ad64b56356b6562c,https://sk.linkedin.com/jobs/view/senior-project-manager-clinical-trials-at-precision-medicine-group-4375333819,Senior Project Manager - Clinical Trials,,scraped,2026-07-07T03:30:06.416904,
542004192cbf36f9,https://sk.linkedin.com/jobs/view/lead-flutter-engineer-at-ciklum-czech-republic-slovakia-4437416085,Lead Flutter Engineer,,scraped,2026-07-07T03:30:14.222684,
2268294f4c2461eb,https://sk.linkedin.com/jobs/view/agency-executive-dsf-at-metlife-4437453429,Agency Executive DSF,,scraped,2026-07-07T03:30:21.422870,
4d4e3202787f13cc,https://sk.linkedin.com/jobs/view/technical-support-engineer-ecommerce-at-caterpillar-inc-4436359136,Technical Support Engineer - eCommerce,Caterpillar Inc.,posted,2026-07-07T03:30:45.382938,126
334b34c5c39eaadc,https://sk.linkedin.com/jobs/view/revenue-order-entry-controller-m-f-d-with-german-language-at-deutsche-telekom-4435839185,Revenue & Order Entry Controller (m/f/d) with German Language,,scraped,2026-07-07T03:30:48.011539,
11be1850ddc2a693,https://sk.linkedin.com/jobs/view/ved%C3%BAci-ved%C3%BAca-oddelenia-department-manager-bratislava-bory-mall-at-h-m-4434958462,"Vedúci/Vedúca oddelenia / Department Manager Bratislava, Bory Mall",H&M,posted,2026-07-07T03:31:04.713561,128
00b4e8bccefaa860,https://sk.linkedin.com/jobs/view/service-technician-at-fronius-%C3%B6sterreich-4354781158,Service Technician,,scraped,2026-07-07T03:31:07.414705,
8c0f459b107831ec,https://sk.linkedin.com/jobs/view/technology-architect-m-f-d-for-fci-at-deutsche-telekom-4436706600,Technology Architect (m/f/d) for FCI,,scraped,2026-07-07T03:31:15.764931,
fc6acdf87578419c,https://sk.linkedin.com/jobs/view/devops-engineer-on-openxdr-platform-m-f-n-at-eset-4405190591,DevOps Engineer on OpenXDR platform (m/f/n),,scraped,2026-07-07T03:32:26.907874,
16ccb835c73ffd60,https://sk.linkedin.com/jobs/view/cloud-architect-senior-consultant-m-f-d-vmware-nutanix-hci-platforms-at-deutsche-telekom-4435832428,Cloud Architect/Senior Consultant (m/f/d) VMware & Nutanix HCI Platforms,,scraped,2026-07-07T03:32:33.502435,
7b9941aec62064d5,https://sk.linkedin.com/jobs/view/digital-health-platform-capabilities-lead-at-takeda-4432754237,Digital Health Platform Capabilities Lead,,scraped,2026-07-07T03:32:40.585211,
a406a2587bc31ea0,https://sk.linkedin.com/jobs/view/salesforce-consultant-at-ibm-4424886961,Salesforce Consultant,IBM,posted,2026-07-07T03:32:56.023865,130
d80962b0b9c54c5a,https://sk.linkedin.com/jobs/view/devops-engineer-for-t-cloud-public-m-f-d-at-deutsche-telekom-it-solutions-slovakia-4435437910,DevOps Engineer for T-Cloud Public (m/f/d),,scraped,2026-07-07T03:32:58.555518,
a233b8feada8fba0,https://sk.linkedin.com/jobs/view/junior-projektant-odd%C4%9Blen%C3%AD-pozemn%C3%ADch-staveb-at-afry-4435810442,Junior Projektant | Oddělení pozemních staveb,,scraped,2026-07-07T03:33:05.741695,
4b786d9f782ffc79,https://sk.linkedin.com/jobs/view/assistance-center-coordinator-polish-team-at-scania-slovakia-s-r-o-4436727765,Assistance Center Coordinator - Polish team,,scraped,2026-07-07T03:33:12.031719,
82bae94ed022c9ea,https://sk.linkedin.com/jobs/view/project-manager-%E2%80%93-data-management-migration-europe-s-4hana-program-at-mondel%C4%93z-international-4435156863,"Project Manager – Data Management Migration, Europe (S/4HANA Program)",Mondelēz International,posted,2026-07-07T03:33:32.366653,132
ea817ee6db78e6c2,https://sk.linkedin.com/jobs/view/supplier-quality-senior-engineer-npdi-at-vertiv-4418024458,Supplier Quality Senior Engineer (NPDI),,scraped,2026-07-07T03:33:34.928379,
5970aa4b1a013158,https://sk.linkedin.com/jobs/view/consent-and-preference-management-platform-service-product-owner-m-f-d-at-siemens-healthineers-4417671539,Consent and Preference Management Platform -Service/Product Owner (m/f/d),,scraped,2026-07-07T03:33:49.820515,
02418c50c51fd9b7,https://sk.linkedin.com/jobs/view/dc-czech-republic-slovakia-territory-account-manager-at-datalogic-4373129416,DC Czech Republic & Slovakia Territory Account Manager,,scraped,2026-07-07T03:33:56.813423,
5cb54b42daa1e2b8,https://sk.linkedin.com/jobs/view/ved%C3%BAci-ved%C3%BAca-oddelenia-department-manager-trnava-city-arena-at-h-m-4434953645,"Vedúci/Vedúca oddelenia / Department Manager Trnava, City Arena",H&M,posted,2026-07-07T03:34:14.933056,134
b32f2ff4eddd5770,https://sk.linkedin.com/jobs/view/ctm-sr-ctm-fsp-emea-at-thermo-fisher-scientific-4432745345,CTM/Sr CTM - FSP - EMEA,Thermo Fisher Scientific,posted,2026-07-07T03:34:23.028207,136
0204310c562247af,https://sk.linkedin.com/jobs/view/sports-data-collector-ice-hockey-nitra-slovakia-at-genius-sports-4398285350,"Sports Data Collector (Ice Hockey) - Nitra, Slovakia",,scraped,2026-07-07T03:34:25.641609,
58c9a1aa8477e645,https://sk.linkedin.com/jobs/view/sports-data-collector-football-ziar-nad-hronom-slovakia-at-genius-sports-4432368561,"Sports Data Collector (Football) - Ziar nad Hronom, Slovakia",,scraped,2026-07-07T03:34:31.735760,
c5b6bcf639383260,https://sk.linkedin.com/jobs/view/technical-sales-senior-analyst-at-vertiv-4399278524,Technical Sales Senior Analyst,Vertiv,posted,2026-07-07T03:34:44.561770,138
2cf14f5392cec1e6,https://sk.linkedin.com/jobs/view/insurance-partner-associate-with-spanish-at-swiss-re-4426249451,Insurance Partner Associate with Spanish,,scraped,2026-07-07T03:34:47.123904,
c3aed248d4b82dcb,https://sk.linkedin.com/jobs/view/associate-designer-%E2%80%93-3d-cable-systems-in-electric-substations-at-hitachi-energy-4434629648,Associate designer – 3D cable systems in electric substations,,scraped,2026-07-07T03:34:53.264896,
de5be8af43170e4a,https://sk.linkedin.com/jobs/view/ai-engineer-agentic-workflows-at-zurich-insurance-4415674207,AI Engineer - Agentic Workflows,,scraped,2026-07-07T03:34:59.875090,
e73bc2b9f4c6194a,https://sk.linkedin.com/jobs/view/team-assistant-with-german-language-at-swiss-re-4435555535,Team Assistant with German language,,scraped,2026-07-07T03:35:06.460271,
8289b336061c84c7,https://sk.linkedin.com/jobs/view/lead-sap-fico-consultant-at-epam-systems-4363159479,Lead SAP FICO Consultant,EPAM Systems,posted,2026-07-07T03:35:23.665447,140
c809503df1f50b01,https://sk.linkedin.com/jobs/view/servicenow-consultant-itom-cmdb-with-german-language-at-teamative-4435519700,ServiceNow consultant ITOM/CMDB with German language,,scraped,2026-07-07T03:35:26.334939,
1f972d8a73ab23c7,https://sk.linkedin.com/jobs/view/lead-delivery-solution-manager-with-german-m-f-d-at-deutsche-telekom-it-solutions-slovakia-4435447272,"Lead Delivery Solution Manager with german (m,f,d)",,scraped,2026-07-07T03:35:32.771195,
04ec3adbb92da172,https://sk.linkedin.com/jobs/view/devops-engineer-on-openxdr-platform-m-f-n-at-eset-4405180667,DevOps Engineer on OpenXDR platform (m/f/n),,scraped,2026-07-07T03:36:43.600733,
269cbd663f9d6c31,https://sk.linkedin.com/jobs/view/azure-cloud-platform-engineer-m-f-at-pwc-slovakia-4407385291,Azure Cloud Platform Engineer (m/f),PwC Slovakia,posted,2026-07-07T03:36:59.460949,142
a1625acb0b161859,https://sk.linkedin.com/jobs/view/student-student-support-for-accounts-receivable-collections-team-us-time-at-dentsply-sirona-4429363173,Student Student Support  for Accounts Receivable Collections Team US TIME,Dentsply Sirona,posted,2026-07-07T03:37:12.383553,144
6c9ad09a847e9e72,https://sk.linkedin.com/jobs/view/slovak-quality-assurance-lead-qal-at-sme-careers-4428815005,Slovak Quality Assurance Lead (QAL),SME Careers,posted,2026-07-07T03:37:20.390196,146
fee7b4802dbe46f4,https://sk.linkedin.com/jobs/view/accountant-with-german-international-projects-m-f-at-pwc-slovakia-4415666076,Accountant with German (International Projects) (m/f),PwC Slovakia,posted,2026-07-07T03:37:31.336390,148
fe8976506bea7096,https://sk.linkedin.com/jobs/view/senior-software-engineer-c%2B%2B-remote-work-ref%23289927-at-bairesdev-4420452840,Senior Software Engineer (C++) - Remote Work | REF#289927,BairesDev,posted,2026-07-07T03:37:38.953059,150
4222c8bf25c951ea,https://sk.linkedin.com/jobs/view/salesforce-consultant-at-ibm-4424893299,Salesforce Consultant,IBM,posted,2026-07-07T03:37:43.898447,130
cbb4be8dc00937a7,https://sk.linkedin.com/jobs/view/etl-engineer-43164-at-coolpeople-technology-4436339968,ETL Engineer (43164),,scraped,2026-07-07T03:37:46.566358,
0c49a0d5d79dff89,https://sk.linkedin.com/jobs/view/senior-full-stack-developer-at-ibm-4423117317,Senior Full-stack Developer,IBM,posted,2026-07-07T03:37:59.560194,152
bc69f00517606d1a,https://sk.linkedin.com/jobs/view/chief-forward-deployed-engineer-at-epam-systems-4432389576,Chief Forward Deployed Engineer,EPAM Systems,posted,2026-07-07T03:38:06.982668,154
06b1698bc0e60347,https://sk.linkedin.com/jobs/view/senior-devops-engineer-network-infrastructure-m-f-d-at-deutsche-telekom-it-solutions-slovakia-4410479955,Senior DevOps Engineer - Network/Infrastructure (m/f/d),,scraped,2026-07-07T03:38:09.532928,
a643a3b94dad79f1,https://sk.linkedin.com/jobs/view/application-developer-intern-microsoft-net-at-ibm-4413627200,Application Developer Intern - Microsoft .NET,IBM,posted,2026-07-07T03:38:22.701011,156
ffa859c759693f0a,https://sk.linkedin.com/jobs/view/sap-ewm-consultant-42212-at-coolpeople-technology-4417063279,SAP EWM Consultant (42212),,scraped,2026-07-07T03:38:25.349306,
a8d708bbb54555d1,https://sk.linkedin.com/jobs/view/senior-security-engineer-applications-identity-and-access-management-hybrid-set-up-at-swiss-re-4406202940,Senior Security Engineer - Applications Identity and Access Management (Hybrid set up),,scraped,2026-07-07T03:38:32.259570,
cdde3534fcaa6331,https://sk.linkedin.com/jobs/view/senior-data-platform-engineer-remote-work-ref%23293916-at-bairesdev-4426567335,Senior Data Platform Engineer - Remote Work | REF#293916,BairesDev,posted,2026-07-07T03:38:43.305475,158
badf1faa0a6c61cc,https://sk.linkedin.com/jobs/view/software-engineer-rust-remote-work-ref%23289848-at-bairesdev-4420456724,Software Engineer (Rust) - Remote Work | REF#289848,BairesDev,posted,2026-07-07T03:38:50.547691,160
f10b98476e88f02e,https://sk.linkedin.com/jobs/view/projektant-ka-%C5%BEelezni%C4%8Dn%C3%A9ho-zvr%C5%A1ku-a-spodku-%C5%BEelezni%C4%8Dn%C3%A9-stavby-senior-at-afry-4436750110,Projektant/ka železničného zvršku a spodku | Železničné stavby - Senior,,scraped,2026-07-07T03:38:53.237753,
635aad5bb67c0596,https://sk.linkedin.com/jobs/view/enterprise-architect-enablement-and-governance-at-swiss-re-4415924818,Enterprise Architect Enablement and Governance,,scraped,2026-07-07T03:38:59.629111,
a04abcc669bf3d5d,https://sk.linkedin.com/jobs/view/bezpe%C4%8Dnostn%C3%BD-technik-%C4%8Dka-whs-at-amazon-4416275923,"Bezpečnostný technik/čka, WHS",Amazon,posted,2026-07-07T03:39:11.938381,162
4f773a544c114510,https://sk.linkedin.com/jobs/view/junior-system-architect-%C5%BEelezni%C4%8Dn%C3%A9-zabezpe%C4%8Dovacie-syst%C3%A9my-on-board-%C5%BE-m-at-siemens-4436216815,Junior System Architect - Železničné zabezpečovacie systémy (On-Board) (ž/m),Siemens,posted,2026-07-07T03:39:22.169901,164
193a3393f365298c,https://sk.linkedin.com/jobs/view/skilled-ai-enablement-engineer-at-siemens-4416183829,Skilled AI Enablement Engineer,Siemens,posted,2026-07-07T03:40:37.971879,166
06eecaf11ed9ea67,https://sk.linkedin.com/jobs/view/emea-senior-security-advisor-architect-at-sap-4426106060,EMEA (Senior) Security Advisor/Architect,SAP,posted,2026-07-07T03:40:48.520401,168
2a58932aa5dd5ed1,https://sk.linkedin.com/jobs/view/junior-konzultant-ka-vo-forenznom-t%C3%ADme-at-deloitte-4421975146,Junior konzultant/-ka vo forenznom tíme,Deloitte,posted,2026-07-07T03:40:57.518986,170
69d9059bf97af9eb,https://sk.linkedin.com/jobs/view/direct-materials-buying-support-analyst-fixed-term-2-years-contract-at-mondel%C4%93z-international-4427925773,Direct Materials Buying Support Analyst (fixed term 2 years contract),Mondelēz International,posted,2026-07-07T03:41:06.528312,172
ab5c4370730e9522,https://sk.linkedin.com/jobs/view/junior-konzultant-ka-f%C3%BAzie-a-akviz%C3%ADcie-at-deloitte-4421970230,Junior konzultant/-ka - fúzie a akvizície,Deloitte,posted,2026-07-07T03:41:15.141243,174
0f93a307a03decb8,https://sk.linkedin.com/jobs/view/senior-sales-engineer-cbs-at-grundfos-4406175608,"Senior Sales Engineer, CBS",GRUNDFOS,posted,2026-07-07T03:42:02.007342,176
7fbdbb508471edb7,https://sk.linkedin.com/jobs/view/cad-engineer-43144-at-coolpeople-technology-4435132250,CAD Engineer (43144),,scraped,2026-07-07T03:42:04.752348,
8da61856b7d5a057,https://sk.linkedin.com/jobs/view/projektant-elektro-kon%C5%A1trukt%C3%A9r-m-%C5%BE-at-ppa-controll-4436798921,PROJEKTANT ELEKTRO - KONŠTRUKTÉR (M/Ž),,scraped,2026-07-07T03:42:11.654361,
1d7bec63c029c1e5,https://sk.linkedin.com/jobs/view/ai-trainee-in-pricing-analytics-team-at-zurich-insurance-4417116410,AI Trainee in Pricing & Analytics Team,,scraped,2026-07-07T03:42:19.924404,
2b7ea90b33e23e89,https://sk.linkedin.com/jobs/view/data-engineering-intern-for-transfer-pricing-at-dell-technologies-4436084625,Data Engineering Intern for Transfer Pricing,Dell Technologies,posted,2026-07-07T03:42:32.339060,178
f7228e814f2ffdc4,https://sk.linkedin.com/jobs/view/ww-data-analytics-intern-at-lenovo-4427206515,WW Data Analytics Intern,Lenovo,posted,2026-07-07T03:42:40.917479,180
c79b996131ce8d26,https://sk.linkedin.com/jobs/view/deutschsprachiger-customer-support-specialist-griechenland-vor-ort-oder-remote-at-hiring-international-academy-4435788752,Deutschsprachiger Customer Support Specialist Griechenland Vor Ort oder Remote,Hiring International Academy,posted,2026-07-07T03:42:49.388594,182
ca904b54647c058a,https://sk.linkedin.com/jobs/view/senior-electrical-design-engineer-at-vertiv-4427194524,Senior Electrical Design Engineer,Vertiv,posted,2026-07-07T03:42:58.524738,184
23dd5faa025263d6,https://sk.linkedin.com/jobs/view/senior-java-backend-engineer-kafka-microservices-cloud-at-accenture-na-slovensku-4406229893,"Senior Java Backend Engineer (Kafka, Microservices, Cloud)",,scraped,2026-07-07T03:43:01.281126,
1e48dab0cb9f1f4c,https://sk.linkedin.com/jobs/view/senior-elektro-projektant-vn-jadrov%C3%A1-energetika-priemysel-m-%C5%BE-at-ppa-controll-4431940047,SENIOR ELEKTRO PROJEKTANT VN JADROVÁ ENERGETIKA | PRIEMYSEL (M/Ž),,scraped,2026-07-07T03:43:08.031628,
e2667adffb843e39,https://sk.linkedin.com/jobs/view/lead-analyst-supply-analytics-bangkok-based-relocation-provided-at-agoda-4372114300,"Lead Analyst (Supply Analytics, Bangkok-based, Relocation provided)",Agoda,posted,2026-07-07T03:43:25.378341,186
fdefd89ac5f96ff9,https://sk.linkedin.com/jobs/view/staff-systems-engineer-c%2B%2B-remote-work-ref%23289940-at-bairesdev-4420452837,Staff Systems Engineer (C++) - Remote Work | REF#289940,BairesDev,posted,2026-07-07T03:43:34.263337,188
ac7ec067fdcbb9bb,https://sk.linkedin.com/jobs/view/elektro%C3%BAdr%C5%BEb%C3%A1r-at-mubea-4405520321,Elektroúdržbár,,scraped,2026-07-07T03:43:36.889903,
d697369ea534dc93,https://sk.linkedin.com/jobs/view/junior-project-reporting-specialist-with-german-language-at-accenture-na-slovensku-4434330693,Junior Project Reporting Specialist with German language,,scraped,2026-07-07T03:43:45.098369,
122c3f1ad21e183e,https://sk.linkedin.com/jobs/view/head-of-technical-development-at-alto-real-estate-4433302496,Head of Technical Development,,scraped,2026-07-07T03:43:52.196955,
fbcb3a8b25faa447,https://sk.linkedin.com/jobs/view/planovac-kvality-m-f-d-at-zf-group-4433161161,Planovac kvality (m/f/d),,scraped,2026-07-07T03:43:59.819005,
5550760128d062a5,https://sk.linkedin.com/jobs/view/%C5%A1pecialista-inteligentn%C3%BDch-merac%C3%ADch-syst%C3%A9mov-at-stredoslovensk%C3%A1-distribu%C4%8Dn%C3%A1-a-s-4428225672,Špecialista inteligentných meracích systémov,,scraped,2026-07-07T03:44:06.387007,
266c0cbf1b01241c,https://sk.linkedin.com/jobs/view/senior-sap-hcm-full-stack-developer-at-dxc-technology-4435228480,Senior SAP HCM Full-Stack Developer,DXC Technology,posted,2026-07-07T03:44:18.800403,190
f40a8ad08d94721a,https://sk.linkedin.com/jobs/view/pr%C3%ADle%C5%BEitos%C5%A5-pre-%C5%A1tudenta-%C5%BE-m-s-v%C3%A1%C5%A1%C5%88ou-pre-python-at-siemens-4435504244,Príležitosť pre študenta (ž/m) s vášňou pre Python,Siemens,posted,2026-07-07T03:44:28.750860,192
1c00da61f359c4ba,https://sk.linkedin.com/jobs/view/senior-anaplan-model-builder-fp-a-at-zurich-insurance-4416586166,Senior ANAPLAN Model Builder FP&A,,scraped,2026-07-07T03:44:31.381644,
db2801c7f3774885,https://sk.linkedin.com/jobs/view/senior-sapui5-btp-developer-relocation-to-cyprus-at-epam-systems-4355686872,Senior SAPUI5/BTP Developer (relocation to Cyprus),EPAM Systems,posted,2026-07-07T03:44:43.174356,194
ae47a08f0b5c0bac,https://sk.linkedin.com/jobs/view/referent-ka-pre-inkaso-s-nemeck%C3%BDm-jazykom-at-uniqa-group-services-4422749972,Referent/ka pre inkaso s nemeckým jazykom,UNIQA Group Services,posted,2026-07-07T03:44:53.280301,196
f9de121094133e87,https://sk.linkedin.com/jobs/view/%C5%A1tipendijn%C3%A1-prax-na-oddelen%C3%AD-priemyseln%C3%A9ho-in%C5%BEinierstva-at-schaeffler-4436177687,Štipendijná prax na oddelení priemyselného inžinierstva,Schaeffler,posted,2026-07-07T03:45:06.300698,198
625eea3201d17ba3,https://sk.linkedin.com/jobs/view/service-delivery-manager-with-german-at-accenture-na-slovensku-4435847150,Service Delivery Manager with German,,scraped,2026-07-07T03:45:08.973669,
2ab40a1e447552bd,https://sk.linkedin.com/jobs/view/administrat%C3%ADvna-podpora-oddelenia-cestnej-prepravy-at-cargo-partner-4426311629,Administratívna podpora oddelenia cestnej prepravy,,scraped,2026-07-07T03:45:15.730956,
f5c3a2aeeae422f6,https://sk.linkedin.com/jobs/view/sso-keycloak-expert-all-genders-at-merck-group-4374772590,SSO & Keycloak Expert (all genders),,scraped,2026-07-07T03:45:22.779219,
0592dfff062a3c57,https://sk.linkedin.com/jobs/view/klientsk%C3%BD-poradca-v-kom%C3%A1rne-at-uniqa-cz-4366878440,Klientský poradca v Komárne,,scraped,2026-07-07T03:45:56.376890,
ce5ff4097ea0b95d,https://sk.linkedin.com/jobs/view/planovac-kvality-senior-m-f-d-at-zf-group-4433157588,Planovac kvality - senior (m/f/d),,scraped,2026-07-07T03:46:04.915711,
364ca0e054a61340,https://sk.linkedin.com/jobs/view/senior-product-manager-bangkok-based-at-agoda-4299768408,Senior Product Manager (Bangkok-based),Agoda,posted,2026-07-07T03:46:21.206759,200
c527827ac3841cc9,https://sk.linkedin.com/jobs/view/senior-lead-sap-fico-treasury-consultant-at-epam-systems-4385721554,Senior/Lead SAP FICO Treasury Consultant,EPAM Systems,posted,2026-07-07T03:46:40.577741,202
ccc5f77f98c3499a,https://sk.linkedin.com/jobs/view/cybersecurity-exception-specialist-f-m-d-at-siemens-healthineers-4423699373,Cybersecurity Exception Specialist (f/m/d),,scraped,2026-07-07T03:46:43.141429,
1c8315a107e1244d,https://sk.linkedin.com/jobs/view/project-delivery-lead-with-german-at-accenture-na-slovensku-4435842260,Project Delivery Lead with German,,scraped,2026-07-07T03:46:50.429178,
8c29a10877c54abf,https://sk.linkedin.com/jobs/view/senior-analyst-supply-analytics-bangkok-based-relocation-provided-at-agoda-4299758947,"Senior Analyst (Supply Analytics, Bangkok-based, Relocation provided)",Agoda,posted,2026-07-07T03:47:06.387787,204
1fe786c979486e25,https://sk.linkedin.com/jobs/view/finan%C4%8Dn%C3%BD-poradca-v-humennom-at-uniqa-cz-4366813249,Finančný poradca v Humennom,,scraped,2026-07-07T03:47:09.014898,
aa455c872c080849,https://sk.linkedin.com/jobs/view/referent-ka-administrat%C3%ADvy-s-nemeck%C3%BDm-jazykom-na-%C3%BArovni-c1-at-uniqa-group-services-4339993483,Referent/ka administratívy s nemeckým jazykom na úrovni C1,UNIQA Group Services,posted,2026-07-07T03:47:25.235162,206
5dab1ff62a4d9759,https://sk.linkedin.com/jobs/view/manager-emeia-indirect-tax-compliance-at-ey-4385094143,Manager - EMEIA Indirect Tax Compliance,EY,posted,2026-07-07T03:47:36.062868,208
fce60d3914773a73,https://sk.linkedin.com/jobs/view/veeva-vault-consultant-%E2%80%93-rim-qms-f-m-x-at-sii-poland-4433101091,Veeva Vault Consultant – RIM/QMS (f/m/x),,scraped,2026-07-07T03:47:38.706449,
7c839674050739e7,https://sk.linkedin.com/jobs/view/klientsky-poradca-v-novych-z%C3%A1mkoch-at-uniqa-cz-4366802884,Klientsky poradca v Novych Zámkoch,,scraped,2026-07-07T03:47:45.471636,
3f950d86d4554b81,https://sk.linkedin.com/jobs/view/senior-macos-software-engineer-at-sentinelone-4426338575,Senior macOS Software Engineer,,scraped,2026-07-07T03:47:53.327357,
f7fc7e171029ecda,https://sk.linkedin.com/jobs/view/finan%C4%8Dn%C3%BD-poradca-v-prievidzi-at-uniqa-cz-4351873184,Finančný poradca v Prievidzi,,scraped,2026-07-07T03:48:00.137265,
4887f4eecb643bad,https://sk.linkedin.com/jobs/view/kbs-process-associate-with-french-language-kone-business-services-f-m-at-kone-4435871749,KBS Process Associate with French Language (KONE BUSINESS SERVICES) F/M,,scraped,2026-07-07T03:48:08.361353,
145749cfb7933c85,https://sk.linkedin.com/jobs/view/senior-network-automation-developer-for-apeirora-project-bratislava-kosice-at-sap-4432362218,Senior Network Automation Developer for ApeiroRA project (Bratislava/Kosice),SAP,posted,2026-07-07T03:48:24.016240,210
d1efd7b73f6cc0ff,https://sk.linkedin.com/jobs/view/kolega-4425386816,kolega,Projekt DANNYVIA,posted,2026-07-07T03:48:32.288051,212
f05c34956572420b,https://sk.linkedin.com/jobs/view/klientsk%C3%BD-poradca-v-prievidzy-at-uniqa-cz-4325269517,Klientský poradca v Prievidzy,,scraped,2026-07-07T03:48:34.933845,
